,FECHA_DOC,CANT,CVE_ART
0,2022-01-05,1,TUE00244
1,2022-01-05,1,TUA00028
2,2022-01-05,7,TP0007
3,2022-01-05,1,TP0001
4,2022-01-05,2,BP00242
5,2022-01-05,2,BP00243
6,2022-01-05,1,RP00165
7,2022-01-05,3,TP0001
8,2022-01-05,1,TUE00207
9,2022-01-05,1,TUE00207
10,2022-01-05,1,TUE00207
11,2022-01-05,1,TUE00207
12,2022-01-05,1,TUE00207
13,2022-01-05,1,BO00051
14,2022-01-05,1,BC00023
15,2022-01-05,5,PT00070
16,2022-01-05,2,TP0011
17,2022-01-05,3,PJ31C1F1AA00
18,2022-01-05,5,WRE-2133
19,2022-01-05,7,WRE-2774
20,2022-01-05,3,WRE-4885
21,2022-01-07,3,MR01934
22,2022-01-07,1,PT00080
23,2022-01-07,1,PT00081
24,2022-01-07,2,RP00150
25,2022-01-07,3,TUA00009
26,2022-01-07,5,TP0011
27,2022-01-07,6,TP0012
28,2022-01-07,2,PT00044
29,2022-01-07,30,BOBINA001
30,2022-01-10,6,TUE00247
31,2022-01-10,30,BOBINA001
32,2022-01-10,1,TUE00320
33,2022-01-11,10,PJ31A1F1A400
34,2022-01-11,10,PK31A1F1A400
35,2022-01-11,1,RP00172
36,2022-01-11,1,RP00173
37,2022-01-11,1,BN00232
38,2022-01-12,40,CBS00045
39,2022-01-12,1,MR01934
40,2022-01-12,3,TUE00321
41,2022-01-12,9,TF71E1120A00
42,2022-01-12,10,BO00052
43,2022-01-12,8,TUA00404
44,2022-01-13,2,TEE00025
45,2022-01-14,1,TUS00049
46,2022-01-14,2,TUE00322
47,2022-01-14,2,TUE00323
48,2022-01-14,4,TUS00020
49,2022-01-14,1,TUE00328
50,2022-01-17,5,TUS00003
51,2022-01-17,1,BB1 1/2X1/2-300W
52,2022-01-17,1,TP0008
53,2022-01-17,2,TUE00324
54,2022-01-17,2,TUE00325
55,2022-01-17,1,TUE00326
56,2022-01-17,1,TUE00327
57,2022-01-17,4,RB00010
58,2022-01-18,1,P7J6C1D1A030
59,2022-01-19,2,CS12E2040A00
60,2022-01-19,2,CS12E2040A00
61,2022-01-19,3,BC00024
62,2022-01-19,3,BC00025
63,2022-01-19,6,BP00241
64,2022-01-19,2,TP00016
65,2022-01-19,8,TUA00258
66,2022-01-19,2,BN00236
67,2022-01-19,4,BN00237
68,2022-01-20,4,TUA00364
69,2022-01-20,2,BP00245
70,2022-01-20,1,BP00244
71,2022-01-21,10,PK31B1I1A000
72,2022-01-21,1,BP00051
73,2022-01-21,1,TUA00400
74,2022-01-21,30,ECQ-00972
75,2022-01-21,3,TU5/16X230MM
76,2022-01-24,10,TUE00146
77,2022-01-24,6,BO00054
78,2022-01-24,6,BO00055
79,2022-01-24,8,70001693
80,2022-01-24,10,TP0004
81,2022-01-24,2,BE00010
82,2022-01-24,2,BL00011
83,2022-01-24,2,BL00052
84,2022-01-25,1,TUS00086
85,2022-01-25,12,TEA00058
86,2022-01-25,12,TEA00059
87,2022-01-25,1,TEE00026
88,2022-01-25,20,TP0003
89,2022-01-26,1,TP0001
90,2022-01-26,3,TUA00410
91,2022-01-26,1,CS14B1010A00
92,2022-01-27,1,TUA00350
93,2022-01-27,1,TP0001
94,2022-01-28,1,PK18J1F1A400
95,2022-01-28,3,RP00176
96,2022-01-28,3,TUS00064
97,2022-01-28,3,TUA00078
98,2022-01-28,2,CS38E1017A00
99,2022-01-28,1,TP0003
100,2022-01-28,1,TP0025
101,2022-01-31,2,PT00082
102,2022-01-31,2,54020219
103,2022-01-31,2,93980461
104,2022-01-31,1,PJ14F10B0600
105,2022-01-31,1,TUE00057
106,2022-01-31,4,TUE00331
107,2022-01-31,1,BT00005
108,2022-01-31,1,RC00024
109,2022-01-31,2,TUE00332
110,2022-01-31,1,TUA00124
111,2022-01-31,4,TUE00063
112,2022-01-31,2,TUE00129
113,2022-01-31,1,TUE00008
114,2022-01-31,1,TUA00401
115,2022-01-31,4,CAS00066
116,2022-01-31,2,BB00077
117,2022-01-31,1,TUS00052
118,2022-02-01,1,TU5/16X230MM
119,2022-02-01,4,TJ00087
120,2022-02-01,2,TJ00088
121,2022-02-02,1,BB1 1/2X1/2-300W
122,2022-02-02,2,CBS00002
123,2022-02-02,1,TUS00052
124,2022-02-02,1,TUA00407
125,2022-02-02,3,TP0005
126,2022-02-02,2,65014-38
127,2022-02-03,1,CS12G1040A00
128,2022-02-03,4,MA00001
129,2022-02-03,4,TUA00412
130,2022-02-03,4,TUA00414
131,2022-02-03,4,CS12J1075A00
132,2022-02-03,1,TUE00329
133,2022-02-03,1,TUE00330
134,2022-02-04,15,TUA00143
135,2022-02-04,1,BB2X2ST
136,2022-02-04,1,TUA00405
137,2022-02-04,1,TUA00406
138,2022-02-08,12,CBS00001
139,2022-02-08,4,BN00112
140,2022-02-08,10,RPISTOLA01
141,2022-02-08,3,TUA00408
142,2022-02-08,7,P231B1AF0500
143,2022-02-08,2,TUE00334
144,2022-02-09,2,TUA00400
145,2022-02-09,3,TUA00415
146,2022-02-09,1,TEA00004
147,2022-02-09,4,TUA00082
148,2022-02-09,3,TUE00098
149,2022-02-10,3,RC00026
150,2022-02-10,3,ECQ-01444
151,2022-02-10,3,TUS00002
152,2022-02-10,2,TP0016
153,2022-02-10,2,TP0026
154,2022-02-11,10,CBS00099
155,2022-02-11,6,TK00062
156,2022-02-11,1,TP0005
157,2022-02-11,2,CBS00100
158,2022-02-11,3,PK31B1G10000
159,2022-02-14,3,BN00055
160,2022-02-14,4,CS38M1050A01
161,2022-02-14,4,CS38N1050A01
162,2022-02-14,2,BL00053
163,2022-02-14,1,BN00232
164,2022-02-14,3,BP00246
165,2022-02-14,2,BP00247
166,2022-02-14,2,BP00248
167,2022-02-14,1,BN00115
168,2022-02-14,6,TUS00052
169,2022-02-14,1,TP0010
170,2022-02-14,6,CM12G2075A00
171,2022-02-14,1,RP00177
172,2022-02-15,2,TUS00111
173,2022-02-15,1,TUE00148
174,2022-02-15,1,TU5/16X230MM
175,2022-02-16,2,TP0002
176,2022-02-16,8,PT00057
177,2022-02-16,2,PT00082
178,2022-02-16,8,TU5/16X203V
179,2022-02-17,2,TUE00081
180,2022-02-17,1,TP0011
181,2022-02-17,1,TUA00280
182,2022-02-17,1,RP00178
183,2022-02-17,3,BO00053
184,2022-02-17,2,P7J6C1D1A030
185,2022-02-18,11,TEA00092
186,2022-02-18,6,TEA00093
187,2022-02-18,4,PK14C1D1G300
188,2022-02-18,2,TT00007
189,2022-02-18,2,TT00008
190,2022-02-18,2,TU5/16X203V240W
191,2022-02-18,3,TEA00023
192,2022-02-18,2,TP0001
193,2022-02-21,1,TU5/16X870J127V
194,2022-02-21,1,TEA00096
195,2022-02-21,6,TUA00025
196,2022-02-22,5,TP0015
197,2022-02-22,1,RP00175
198,2022-02-22,1,TP0016
199,2022-02-22,18,TUS00112
200,2022-02-22,2,TUA00403
201,2022-02-22,1,BB1 1/2X1/2-300W
202,2022-02-22,1,BB1 1/2X1/2-300W
203,2022-02-22,1,TP0025
204,2022-02-23,36,TUE00146
205,2022-02-23,2,BE00011
206,2022-02-23,2,BE00012
207,2022-02-23,2,BE00013
208,2022-02-23,2,BE00015
209,2022-02-23,2,BN00243
210,2022-02-23,2,BN00244
211,2022-02-23,2,BN00245
212,2022-02-23,2,BN00246
213,2022-02-23,7,BP00249
214,2022-02-23,2,PJ140FD1A000
215,2022-02-23,2,TUE00179
216,2022-02-23,2,RC00025
217,2022-02-23,2,CS58H1060A00
218,2022-02-23,2,CS58H1060A00
219,2022-02-23,1,TU5/16X870J127V
220,2022-02-24,3,CBS00101
221,2022-02-24,6,TUA00427
222,2022-02-24,10,TEA00006
223,2022-02-24,2,TEE00017
224,2022-02-24,1,CS12J2025A00
225,2022-02-25,1,TUE00207
226,2022-02-25,1,TUE00207
227,2022-02-25,1,TUE00207
228,2022-02-25,1,TUE00207
229,2022-02-25,1,TUE00207
230,2022-02-25,2,TUE00332
231,2022-02-25,2,TP0009
232,2022-02-25,2,TP0010
233,2022-02-25,2,TP0040
234,2022-02-25,5,TEA00006
235,2022-02-25,4,CBS00056
236,2022-02-25,10,70001694
237,2022-02-25,8,70001698
238,2022-02-25,7,70001692
239,2022-02-25,8,70001690
240,2022-02-25,3,70001684
241,2022-02-25,4,P214F1AB0600
242,2022-02-28,4,CS12F1040A00
243,2022-02-28,1,TUE00339
244,2022-02-28,2,BP00206
245,2022-02-28,30,ECQ-00972
246,2022-02-28,4,TUE00075
247,2022-02-28,2,CS12G1040A00
248,2022-02-28,2,TUS00113
249,2022-02-28,1,TUE00176
250,2022-02-28,2,PJ14F1L1A800
251,2022-02-28,1,TUE00132
252,2022-02-28,3,TUS00005
253,2022-02-28,1,TUE00338
254,2022-02-28,3,TUE00337
255,2022-02-28,3,TUS00029
256,2022-02-28,1,BB00017
257,2022-02-28,1,BB00018
258,2022-02-28,1,BN00002
259,2022-02-28,1,BN00003
260,2022-02-28,2,BL00038
261,2022-02-28,3,PJ31Q1G3A100
262,2022-02-28,3,TUA00426
263,2022-02-28,2,PK14G1D1G300
264,2022-02-28,4,TUE00075
265,2022-02-28,4,TUE00198
266,2022-03-01,1,BC00026
267,2022-03-02,4,TUE00307
268,2022-03-02,4,TUE00308
269,2022-03-02,2,PT00082
270,2022-03-03,6,BS00006
271,2022-03-03,6,BS00008
272,2022-03-03,1,BB2X2ST
273,2022-03-03,1,RP00181
274,2022-03-03,3,TUE00337
275,2022-03-03,2,TK00028
276,2022-03-03,1,TP0008
277,2022-03-03,1,TP0040
278,2022-03-04,1,TUA00428
279,2022-03-04,15,TUA00143
280,2022-03-04,1,TUA00102
281,2022-03-04,2,P7J6C1D1A030
282,2022-03-04,2,TUA00431
283,2022-03-07,4,TP0005
284,2022-03-07,1,TUE00007
285,2022-03-07,4,CS38F1010A00
286,2022-03-08,5,WRE-2137
287,2022-03-08,2,BN00242
288,2022-03-08,9,TUE00343
289,2022-03-09,1,BO00056
290,2022-03-09,4,TEE00017
291,2022-03-09,1,TP0011
292,2022-03-09,10,TU5/16X203V
293,2022-03-09,1,TU5/16X230MM
294,2022-03-09,1,TUE00341
295,2022-03-09,1,TUE00341
296,2022-03-10,3,TUA00430
297,2022-03-10,2,CS14D2017B20
298,2022-03-10,1,TP0005
299,2022-03-10,20,TEA00006
300,2022-03-10,5,TUE00042
301,2022-03-10,5,TP0011
302,2022-03-11,1,RM00017
303,2022-03-11,6,TUA00134
304,2022-03-11,2,PT00063
305,2022-03-11,1,TUA00432
306,2022-03-11,2,BB1 1/2X1/2-300W
307,2022-03-11,2,TP0001
308,2022-03-11,1,TUA00371
309,2022-03-14,10,CAS00075
310,2022-03-14,15,CAS00076
311,2022-03-15,1,BB1 1/2X1/2-300W
312,2022-03-15,4,TUA00175
313,2022-03-15,9,TUA00241
314,2022-03-15,1,TU5/16X230MM
315,2022-03-15,2,TUA00222
316,2022-03-15,2,TUE00333
317,2022-03-15,4,TUA00421
318,2022-03-16,2,TUE00103
319,2022-03-16,5,TP0012
320,2022-03-16,1,BB1 1/2X1/2-300W
321,2022-03-16,2,TUE00340
322,2022-03-16,5,BS00011
323,2022-03-16,2,TUA00124
324,2022-03-16,6,TUS00115
325,2022-03-16,1,BL00022
326,2022-03-16,20,PT00047
327,2022-03-16,2,ECQ-01444
328,2022-03-17,4,TP0010
329,2022-03-17,2,TUA00429
330,2022-03-17,2,TP0011
331,2022-03-17,1,TUA00419
332,2022-03-18,1,BE00016
333,2022-03-18,2,BL00054
334,2022-03-18,6,BO00058
335,2022-03-18,1,TUE00207
336,2022-03-18,1,TUA00422
337,2022-03-18,1,TUA00422
338,2022-03-18,1,TUA00424
339,2022-03-18,1,TUA00424
340,2022-03-22,4,BP00089
341,2022-03-22,1,TU5/16X230MM
342,2022-03-22,2,P114I1D4A000
343,2022-03-22,6,BP00257
344,2022-03-22,2,TP0001
345,2022-03-22,2,TP0002
346,2022-03-22,2,TP0001
347,2022-03-23,1,RP00165
348,2022-03-23,1,TP0016
349,2022-03-23,2,TU5/16X230MM
350,2022-03-23,10,TP0005
351,2022-03-23,5,TUA00433
352,2022-03-23,2,CBE00028
353,2022-03-23,1,TK00034
354,2022-03-23,1,BP00259
355,2022-03-23,1,BP00260
356,2022-03-23,4,TUA00200
357,2022-03-23,2,TUE00161
358,2022-03-23,1,RP00182
359,2022-03-23,3,TUA00099
360,2022-03-23,2,PA00001
361,2022-03-24,1,TR51G1125A00
362,2022-03-24,4,CS12E2040A00
363,2022-03-24,4,CS12F2040A00
364,2022-03-24,3,TK00063
365,2022-03-24,1,BL00001
366,2022-03-24,1,BP00258
367,2022-03-24,3,EE00003
368,2022-03-25,6,BOE00012
369,2022-03-25,10,BOE00013
370,2022-03-25,1,TP0008
371,2022-03-25,1,TP0022
372,2022-03-25,1,TP0001
373,2022-03-28,2,BO00005
374,2022-03-28,25,TP0003
375,2022-03-28,2,TP0003
376,2022-03-28,2,TEA00016
377,2022-03-28,1,RP00184
378,2022-03-28,3,TEA00017
379,2022-03-28,8,BN00248
380,2022-03-28,2,BN00249
381,2022-03-28,2,BN00250
382,2022-03-28,1,BN00251
383,2022-03-29,3,BP00149
384,2022-03-29,4,BP00150
385,2022-03-29,2,BE00011
386,2022-03-29,2,BE00012
387,2022-03-29,2,BE00013
388,2022-03-29,2,BE00015
389,2022-03-29,1,TP0003
390,2022-03-29,1,BB1 1/2X1/2-300W
391,2022-03-29,1,TUS00116
392,2022-03-29,1,TUS00118
393,2022-03-29,1,TP0015
394,2022-03-29,18,TUE00319
395,2022-03-30,2,151.7208
396,2022-03-30,1,TUA00096
397,2022-03-30,3,TP0024
398,2022-03-30,1,TP0022
399,2022-03-30,1,TUE00025
400,2022-03-30,1,MA00016
401,2022-03-31,1,RP00180
402,2022-03-31,1,RP00171
403,2022-03-31,60,BOBINA001
404,2022-03-31,1,BB1 1/2X1/2-300W
405,2022-03-31,12,TUA00219
406,2022-03-31,12,TUS00020
407,2022-03-31,1,TUA00434
408,2022-03-31,6,CS12F1040A00
409,2022-03-31,6,CS12H1050A00
410,2022-03-31,25,ECQ-00972
411,2022-03-31,1,ECQ-01444
412,2022-03-31,10,ECQ-00972
413,2022-03-31,3,ECQ-01444
414,2022-03-31,18,TP00019
415,2022-03-31,2,TUE00162
416,2022-03-31,4,TUE00348
417,2022-03-31,1,TUE00105
418,2022-03-31,3,TUS00035
419,2022-03-31,1,GAB00014
420,2022-03-31,2,TUA00376
421,2022-04-01,1,TP0040
422,2022-04-04,1,TP0001
423,2022-04-04,1,BP00251
424,2022-04-04,1,BP00252
425,2022-04-04,1,BP00253
426,2022-04-04,1,BP00254
427,2022-04-04,1,BP00255
428,2022-04-04,1,BP00256
429,2022-04-05,1,RP00187
430,2022-04-05,3,TUS00002
431,2022-04-05,4,TUS00001
432,2022-04-05,1,TUE00081
433,2022-04-05,4,TUA00175
434,2022-04-05,1,TUS00117
435,2022-04-05,2,BC00010
436,2022-04-06,2,RP00150
437,2022-04-06,1,BB1 1/2X1/2-300W
438,2022-04-06,4,MR01934
439,2022-04-06,2,BN00064
440,2022-04-06,1,TP0026
441,2022-04-07,5,TUS00017
442,2022-04-07,3,TUS00018
443,2022-04-07,1,TP0002
444,2022-04-07,25,E1041959
445,2022-04-07,4,BC00006
446,2022-04-07,5,P231A1D6K200
447,2022-04-07,4,65014-38
448,2022-04-07,2,TUA00435
449,2022-04-07,1,CM10E2050A00
450,2022-04-08,2,TUA00420
451,2022-04-08,1,EE00026
452,2022-04-08,1,TU5/16X203V
453,2022-04-11,2,TP0011
454,2022-04-11,1,TP0012
455,2022-04-11,3,TUA00017
456,2022-04-11,1,TJ00046
457,2022-04-11,1,TP0024
458,2022-04-11,1,TUE00342
459,2022-04-11,2,TUE00103
460,2022-04-12,2,PJ14F10B0600
461,2022-04-12,1,PJ14J10B0600
462,2022-04-12,1,TUA00148
463,2022-04-13,1,TUE00132
464,2022-04-13,10,P114Q1H90412
465,2022-04-13,1,TUS00119
466,2022-04-13,9,TUA00087
467,2022-04-13,1,TUE00345
468,2022-04-13,6,TUE00248
469,2022-04-13,1,TJ00090
470,2022-04-13,1,TUE00351
471,2022-04-13,1,TUE00352
472,2022-04-13,25,E1041968
473,2022-04-18,1,RP00183
474,2022-04-19,1,RP00137
475,2022-04-19,3,TUA00124
476,2022-04-19,4,TP0012
477,2022-04-19,4,TUE00207
478,2022-04-19,1,RC00027
479,2022-04-20,1,TUE00172
480,2022-04-20,2,PT00082
481,2022-04-21,2,TP0002
482,2022-04-21,1,TUE00350
483,2022-04-21,2,BN00252
484,2022-04-21,5,TUA00436
485,2022-04-21,2,CAE00039
486,2022-04-21,6,TEA00099
487,2022-04-21,1,BC00027
488,2022-04-21,3,TUA00099
489,2022-04-21,1,TP0001
490,2022-04-22,3,CM10D2025A00
491,2022-04-22,2,CM10D2030A00
492,2022-04-22,2,TP0004
493,2022-04-22,1,TP0024
494,2022-04-22,1,BL00055
495,2022-04-22,1,TJ00043
496,2022-04-22,3,TJ00043
497,2022-04-25,10,TUS00003
498,2022-04-25,1,BB1 1/2X1/2-300W
499,2022-04-25,20,E1041960
500,2022-04-25,1,CS14E1020A00
501,2022-04-25,2,P231F1H6AB00
502,2022-04-25,3,TUA00079
503,2022-04-25,18,TUE00319
504,2022-04-26,6,TUE00248
505,2022-04-26,10,TP0003
506,2022-04-26,4,BO00059
507,2022-04-26,2,CAE00039
508,2022-04-26,2,TUA00412
509,2022-04-26,1,TUA00440
510,2022-04-26,1,TUS00120
511,2022-04-26,2,TP0002
512,2022-04-27,2,TUA00124
513,2022-04-27,1,RM00038
514,2022-04-27,2,TUA00376
515,2022-04-27,5,TP0025
516,2022-04-27,1,TUS00048
517,2022-04-27,1,TUE00258
518,2022-04-27,3,TP00011
519,2022-04-27,5,TUE00261
520,2022-04-28,2,TUA00437
521,2022-04-28,1,TUE00336
522,2022-04-28,5,PT00083
523,2022-04-28,2,PA00001
524,2022-04-29,1,TP0011
525,2022-04-29,1,BP00261
526,2022-04-29,1,TUA00438
527,2022-04-29,1,TP0011
528,2022-04-29,2,TP0012
529,2022-04-29,12,CAE00040
530,2022-04-29,2,TUE00034
531,2022-04-29,7,ECQ-00971
532,2022-04-29,4,ECQ-01444
533,2022-04-29,35,ECQ-00972
534,2022-04-29,10,ECQ-01444
535,2022-04-29,1,TUE00344
536,2022-05-02,10,CS38C1008A00
537,2022-05-02,2,BB00095
538,2022-05-03,2,PT31B1D5A400
539,2022-05-03,6,TP0025
540,2022-05-03,1,TP0016
541,2022-05-03,1,RM00022
542,2022-05-04,2,TK00062
543,2022-05-04,5,TP0011
544,2022-05-04,1,TP0012
545,2022-05-04,1,BP00260
546,2022-05-04,17,E1041960
547,2022-05-04,4,TUA00021
548,2022-05-04,4,TUA00009
549,2022-05-04,1,TP0001
550,2022-05-05,6,TUA00258
551,2022-05-05,2,BN00254
552,2022-05-05,10,TP0025
553,2022-05-05,1,TUA00441
554,2022-05-05,1,BP00215
555,2022-05-05,1,RP00191
556,2022-05-05,1,TP0025
557,2022-05-06,1,RC00013
558,2022-05-06,2,EE00021
559,2022-05-06,2,TUA00442
560,2022-05-06,15,TP0025
561,2022-05-09,1,RP00195
562,2022-05-09,4,RM00022
563,2022-05-09,1,RP00194
564,2022-05-09,1,TUA00443
565,2022-05-09,20,TEA00006
566,2022-05-09,6,RC00012
567,2022-05-09,1,TU5/16X230MM
568,2022-05-09,5,EE00055
569,2022-05-10,1,TEA00096
570,2022-05-10,5,PT00083
571,2022-05-10,5,TEA00100
572,2022-05-11,1,TP0002
573,2022-05-11,1,CS12D2040A01
574,2022-05-11,1,TUA00439
575,2022-05-11,6,TEA00099
576,2022-05-11,5,TP0011
577,2022-05-11,2,TP0002
578,2022-05-11,10,TJ00063
579,2022-05-11,5,PK31A1I1A000
580,2022-05-12,2,BC00027
581,2022-05-12,2,BB00101
582,2022-05-12,1,TUE00081
583,2022-05-12,4,CAE00011
584,2022-05-12,1,RP00197
585,2022-05-12,1,TUS00121
586,2022-05-13,1,BP00263
587,2022-05-13,2,TU5/16X870J127V
588,2022-05-13,1,RP00196
589,2022-05-13,2,CS58M2050A11
590,2022-05-13,2,PJ000GE1A400
591,2022-05-17,1,TP00021
592,2022-05-17,1,TP00022
593,2022-05-17,1,BB1 1/2X1/2-300W
594,2022-05-17,1,93980461
595,2022-05-17,1,93980461
596,2022-05-17,2,54020219
597,2022-05-17,2,54020219
598,2022-05-18,3,TUA00131
599,2022-05-18,1,RP00193
600,2022-05-19,1,TUE00353
601,2022-05-19,4,TUE00207
602,2022-05-19,1,TUE00354
603,2022-05-19,2,PJ000GH1A000
604,2022-05-19,2,PJ000GJ1A000
605,2022-05-19,2,PT00084
606,2022-05-20,8,PT00010
607,2022-05-20,5,TUA00127
608,2022-05-20,8,TUA00321
609,2022-05-20,2,MR01934
610,2022-05-23,3,TP0001
611,2022-05-23,1,RP00002
612,2022-05-23,4,ECQ-01444
613,2022-05-23,1,TUA00311
614,2022-05-23,6,TUE00068
615,2022-05-24,60,CAS00080
616,2022-05-25,1,TUS00090
617,2022-05-25,20,TEA00058
618,2022-05-25,1,BB1 1/2X1/2-300W
619,2022-05-26,15,70001694
620,2022-05-26,8,70001692
621,2022-05-26,6,70001684
622,2022-05-26,1,RP00198
623,2022-05-26,10,CAS00034
624,2022-05-26,2,TP0003
625,2022-05-26,28,TP0022
626,2022-05-26,1,TEA00101
627,2022-05-27,2,TP0016
628,2022-05-27,2,TUS00122
629,2022-05-27,3,TUS00122
630,2022-05-27,1,TP0005
631,2022-05-27,2,CS58G1030A00
632,2022-05-30,3,TU5/16X203V
633,2022-05-31,2,BP00264
634,2022-05-31,2,CAS00043
635,2022-05-31,6,47980249
636,2022-05-31,4,47980626
637,2022-05-31,2,MR8-250-11-13
638,2022-05-31,4,TUA00449
639,2022-05-31,2,TUA00450
640,2022-05-31,10,TUA00049
641,2022-05-31,8,CBE00012
642,2022-05-31,5,CBE00040
643,2022-05-31,2,TK00065
644,2022-06-01,1,TP0040
645,2022-06-01,5,47980075
646,2022-06-02,16,47980249
647,2022-06-02,6,CAS00079
648,2022-06-02,1,TUE00101
649,2022-06-02,4,AK00012
650,2022-06-02,2,TUA00445
651,2022-06-02,1,CBE00039
652,2022-06-02,2,TJ00091
653,2022-06-03,2,TU5/16X230MM
654,2022-06-03,36,TUE00146
655,2022-06-06,1,TUA00325
656,2022-06-06,2,BN00256
657,2022-06-06,2,BN00257
658,2022-06-06,1,BP00263
659,2022-06-06,1,BB1 1/2X1/2-300W
660,2022-06-07,1,RP00201
661,2022-06-07,1,BB1 1/2X1/2-300W
662,2022-06-07,12,TUA00436
663,2022-06-08,1,TU5/16X230MM
664,2022-06-09,1,RP00202
665,2022-06-09,10,CS58P2120A01
666,2022-06-09,30,BOBINA001
667,2022-06-09,1,TUA00444
668,2022-06-09,2,CS14D2017B20
669,2022-06-09,4,TP0011
670,2022-06-09,4,TP0012
671,2022-06-09,4,TP0006
672,2022-06-10,1,RP00203
673,2022-06-10,2,TUE00362
674,2022-06-10,2,TEE00027
675,2022-06-10,1,TU5/16X230MM
676,2022-06-13,1,TP0001
677,2022-06-13,1,TUA00438
678,2022-06-13,2,TUA00439
679,2022-06-14,4,TUS00005
680,2022-06-14,3,TU5/16X203V
681,2022-06-14,6,BO00061
682,2022-06-14,1,TUE00363
683,2022-06-15,3,CS14D2017B20
684,2022-06-15,1,BB1 1/2X1/2-300W
685,2022-06-15,2,BO00064
686,2022-06-16,10,BO00062
687,2022-06-16,12,CBS00098
688,2022-06-16,1,TP0011
689,2022-06-16,20,ECQ-00972
690,2022-06-16,2,ECQ-00974
691,2022-06-16,1,TP0025
692,2022-06-16,1,TUA00446
693,2022-06-17,2,CAS00068
694,2022-06-17,2,CAS00069
695,2022-06-17,2,CAS00070
696,2022-06-17,2,CAS00071
697,2022-06-17,5,TP0002
698,2022-06-17,5,TP0003
699,2022-06-17,1,TUA00124
700,2022-06-17,4,PK51H1JBA600
701,2022-06-17,6,TEE00028
702,2022-06-17,6,TUS00123
703,2022-06-17,2,CAS00081
704,2022-06-17,1,TP0024
705,2022-06-20,2,TP0012
706,2022-06-20,2,BN00258
707,2022-06-21,6,TUA00447
708,2022-06-21,6,TUA00448
709,2022-06-21,1,TUE00362
710,2022-06-21,1,TP0009
711,2022-06-21,4,TP0011
712,2022-06-21,4,TP0012
713,2022-06-21,3,TP0003
714,2022-06-22,4,CM10G1030A00
715,2022-06-22,2,TUA00457
716,2022-06-22,15,TP0025
717,2022-06-22,2,BP00246
718,2022-06-22,2,BP00247
719,2022-06-22,2,BP00263
720,2022-06-22,1,TUA00413
721,2022-06-22,2,TU5/16X203V240W
722,2022-06-23,30,EE00059
723,2022-06-23,4,BO00063
724,2022-06-23,1,RB00021
725,2022-06-23,1,CS14D2017B20
726,2022-06-24,6,TUA00453
727,2022-06-24,4,CS14E1012A00
728,2022-06-24,2,TEA00103
729,2022-06-24,2,TUA00009
730,2022-06-24,10,PT00057
731,2022-06-24,3,CAE00011
732,2022-06-27,10,TT00009
733,2022-06-27,10,TT00010
734,2022-06-27,2,P9K1J1D1G030
735,2022-06-27,1,TU5/16X870J127V
736,2022-06-28,1,P214J1BBA600
737,2022-06-28,2,BN00260
738,2022-06-28,2,BN00261
739,2022-06-28,9,CS38C1008A00
740,2022-06-28,6,TJ00029
741,2022-06-28,3,TUA00099
742,2022-06-28,2,TUA00191
743,2022-06-29,1,TP0005
744,2022-06-29,1,BP00215
745,2022-06-29,1,RP00191
746,2022-06-29,100,BOBINA002
747,2022-06-29,5,BOBINA003
748,2022-06-30,4,TUS00016
749,2022-06-30,5,TUS00017
750,2022-06-30,6,TUS00018
751,2022-06-30,2,PA00011
752,2022-06-30,1,PA00012
753,2022-06-30,1,TUA00458
754,2022-06-30,6,PT31B1G1AG00
755,2022-06-30,4,PT00087
756,2022-06-30,1,TUA00459
757,2022-06-30,1,TUA00461
758,2022-06-30,4,TUE00171
759,2022-06-30,1,TP0012
760,2022-06-30,3,TP0011
761,2022-06-30,3,TUA00460
762,2022-06-30,1,TUE00004
763,2022-07-04,7,ECQ-01444
764,2022-07-04,1,TEA00004
765,2022-07-04,2,BN00216
766,2022-07-04,2,TUA00009
767,2022-07-04,1,BL00012
768,2022-07-04,1,PJ31F1F1A400
769,2022-07-05,3,ECQ-00971
770,2022-07-06,1,TP0016
771,2022-07-06,1,TUA00459
772,2022-07-06,2,BL00057
773,2022-07-06,2,BL00058
774,2022-07-06,2,BP00265
775,2022-07-06,2,BP00266
776,2022-07-06,1,TP0007
777,2022-07-06,1,TP0008
778,2022-07-06,1,TP0009
779,2022-07-06,1,BS00012
780,2022-07-07,10,ABRAZA01
781,2022-07-07,20,TEA00006
782,2022-07-07,15,TEA00006
783,2022-07-07,1,93980461
784,2022-07-07,2,54020219
785,2022-07-07,6,47980249
786,2022-07-07,1,EE00060
787,2022-07-08,4,PJ000NH1A400
788,2022-07-08,1,P131B1I14000
789,2022-07-08,1,TP0012
790,2022-07-11,1,PJ000GH1A000
791,2022-07-11,6,PJ000GJ1A000
792,2022-07-11,1,PT00063
793,2022-07-11,2,BS00010
794,2022-07-12,2,BN00263
795,2022-07-12,3,BP00267
796,2022-07-12,5,MR01934
797,2022-07-12,8,TUA00318
798,2022-07-12,1,TUA00459
799,2022-07-12,54,CAS00083
800,2022-07-12,27,CAS00084
801,2022-07-12,3,CAS00085
802,2022-07-12,3,CAS00086
803,2022-07-13,3,TP0011
804,2022-07-13,1,PT00088
805,2022-07-13,1,TUE00364
806,2022-07-13,4,BP00070
807,2022-07-15,1,TP0040
808,2022-07-15,2,TUA00376
809,2022-07-15,3,TJ00092
810,2022-07-15,1,TP0001
811,2022-07-15,3,CBS00104
812,2022-07-18,4,PT00034
813,2022-07-18,5,AJ00010
814,2022-07-18,4,TUE00367
815,2022-07-18,2,TEE00017
816,2022-07-18,10,PT00047
817,2022-07-18,11,TUA00177
818,2022-07-18,1,TP0012
819,2022-07-19,1,RP00205
820,2022-07-20,1,TP0005
821,2022-07-20,2,TP0040
822,2022-07-20,1,TU5/16X215V240W
823,2022-07-21,1,TUE00105
824,2022-07-21,4,70001694
825,2022-07-21,4,70001696
826,2022-07-21,4,CBE00041
827,2022-07-21,4,CBS00056
828,2022-07-21,1,RP00206
829,2022-07-21,2,RP00207
830,2022-07-21,1,RP00208
831,2022-07-21,1,TUE00061
832,2022-07-21,30,BOBINA001
833,2022-07-21,3,TEA00023
834,2022-07-21,1,PT00033
835,2022-07-21,2,CS38K2025A2D
836,2022-07-21,2,TUE00366
837,2022-07-21,4,PA00008
838,2022-07-21,4,PA00009
839,2022-07-21,5,PA00005
840,2022-07-22,2,TP0002
841,2022-07-22,21,TUA00464
842,2022-07-22,1,TUE00172
843,2022-07-22,4,TUE00247
844,2022-07-22,1,BP00259
845,2022-07-22,1,BP00260
846,2022-07-22,1,BP00259
847,2022-07-22,1,BP00260
848,2022-07-22,6,PJ31A1I1A400
849,2022-07-25,2,BB2X2ST
850,2022-07-26,2,TUA00463
851,2022-07-26,1,RP00165
852,2022-07-26,12,TUA00436
853,2022-07-26,10,PT00047
854,2022-07-27,1,TUE00061
855,2022-07-27,10,TP0025
856,2022-07-28,4,PT00089
857,2022-07-28,5,PJ04F1H1A400
858,2022-07-28,5,PK04F1H1A400
859,2022-07-28,1,TUA00438
860,2022-07-29,5,WRE-2774
861,2022-07-29,1,RM00043
862,2022-07-29,1,TUE00369
863,2022-07-29,2,BL00059
864,2022-07-29,2,BP00239
865,2022-07-29,2,BP00263
866,2022-07-29,1,EE00063
867,2022-07-29,1,MA00021
868,2022-07-29,10,P114R1AB0600
869,2022-07-29,6,CAS00068
870,2022-07-29,6,CAS00069
871,2022-07-29,6,CAS00070
872,2022-07-29,6,CAS00071
873,2022-07-29,10,70001690
874,2022-07-29,6,70001694
875,2022-07-29,16,97020238
876,2022-07-29,3,TUA00468
877,2022-08-01,5,TP0011
878,2022-08-01,5,TP0012
879,2022-08-02,7,TUE00368
880,2022-08-03,3,RPISTOLA01
881,2022-08-03,1,TUA00222
882,2022-08-04,10,TP0003
883,2022-08-08,5,TP0001
884,2022-08-08,2,TP0003
885,2022-08-08,3,TP0005
886,2022-08-08,3,TP0011
887,2022-08-08,4,ECQ-00971
888,2022-08-08,30,ECQ-00972
889,2022-08-08,4,ECQ-00971
890,2022-08-08,20,ECQ-00972
891,2022-08-08,4,ECQ-01444
892,2022-08-08,2,TP0002
893,2022-08-09,4,PJ31L1H1G400
894,2022-08-09,1,TUS00125
895,2022-08-10,4,TUA00175
896,2022-08-10,1,TUA00471
897,2022-08-10,4,RPISTOLA01
898,2022-08-10,3,54020219
899,2022-08-10,2,93980461
900,2022-08-10,4,70001691
901,2022-08-10,1,TJ00093
902,2022-08-10,1,TUA00470
903,2022-08-10,2,TUA00467
904,2022-08-10,12,TUA00453
905,2022-08-11,2,BN00264
906,2022-08-11,1,TUA00469
907,2022-08-11,30,BOBINA001
908,2022-08-11,1,RP00209
909,2022-08-11,1,TP0018
910,2022-08-11,1,TP0003
911,2022-08-12,5,65014-40
912,2022-08-12,4,67234-15
913,2022-08-12,1,PJ06C1CHB000
914,2022-08-12,2,TUA00065
915,2022-08-12,1,TUA00066
916,2022-08-15,1,TUE00081
917,2022-08-15,15,TUE00370
918,2022-08-15,4,CM65C1020B02
919,2022-08-15,3,TEA00044
920,2022-08-15,3,TEE00024
921,2022-08-16,1,AK00013
922,2022-08-16,21,TUA00464
923,2022-08-16,2,TP00007
924,2022-08-16,2,TUE00372
925,2022-08-17,1,TP0002
926,2022-08-17,1,TP0001
927,2022-08-17,2,BO00047
928,2022-08-17,3,BO00066
929,2022-08-17,4,47980626
930,2022-08-17,1,TUE00371
931,2022-08-18,1,TUE00172
932,2022-08-18,1,TP0007
933,2022-08-18,1,BN00158
934,2022-08-19,3,BO00044
935,2022-08-19,6,TUE00075
936,2022-08-19,3,TUE00198
937,2022-08-19,1,TP0003
938,2022-08-19,3,TUE00122
939,2022-08-19,1,TJ00081
940,2022-08-19,1,TP0001
941,2022-08-19,1,TP0002
942,2022-08-22,1,TUE00267
943,2022-08-22,2,TUA00472
944,2022-08-22,2,TUA00437
945,2022-08-22,1,PJ06C1CHB000
946,2022-08-23,20,PT00011
947,2022-08-23,6,TUA00258
948,2022-08-23,3,BN00055
949,2022-08-23,10,ABRAZA01
950,2022-08-23,3,TUS00001
951,2022-08-23,3,TUS00002
952,2022-08-23,7,TP0007
953,2022-08-23,1,TP0016
954,2022-08-23,8,CBS00043
955,2022-08-23,1,TP0005
956,2022-08-24,1,TP0015
957,2022-08-24,5,TUA00134
958,2022-08-24,1,BN00265
959,2022-08-25,2,RP00212
960,2022-08-25,2,BOBINA004
961,2022-08-26,3,RPISTOLA01
962,2022-08-26,1,BC00029
963,2022-08-26,1,TP00012
964,2022-08-26,2,TUE00373
965,2022-08-29,2,TUA00009
966,2022-08-29,10,MA00001
967,2022-08-29,2,EE00067
968,2022-08-29,1,EE00068
969,2022-08-29,2,CBE00032
970,2022-08-29,2,BB1 1/2X1/2-300W
971,2022-08-30,4,TEE00017
972,2022-08-31,2,TUE00374
973,2022-08-31,5,TUE00216
974,2022-08-31,12,CBS00075
975,2022-08-31,15,CS58K2105AA1
976,2022-08-31,20,ECQ-00972
977,2022-08-31,20,PT00090
978,2022-08-31,20,TP0025
979,2022-08-31,4,TUE00034
980,2022-08-31,2,TJ00094
981,2022-08-31,1,TUA00462
982,2022-08-31,1,TUE00365
983,2022-08-31,1,TK00066
984,2022-09-02,10,TP0004
985,2022-09-02,1,TP0016
986,2022-09-02,1,TUA00249
987,2022-09-02,1,TP0003
988,2022-09-02,1,RC00030
989,2022-09-05,3,TP0016
990,2022-09-05,12,CS34S2075A00
991,2022-09-05,10,CS34S2100A00
992,2022-09-05,2,TU5/16X230MM
993,2022-09-06,1,47980590
994,2022-09-06,1,93980461
995,2022-09-06,1,93980465
996,2022-09-06,4,54020219
997,2022-09-07,20,PT00047
998,2022-09-07,1,P25601AB0600
999,2022-09-07,8,CS12N1050A00
1000,2022-09-07,1,TUS00126
1001,2022-09-08,3,BC00010
1002,2022-09-08,2,RB00003
1003,2022-09-08,2,RB00010
1004,2022-09-08,2,CS12F1040A00
1005,2022-09-08,2,TP0016
1006,2022-09-08,9,CAS00084
1007,2022-09-08,1,CAS00085
1008,2022-09-08,1,CAS00086
1009,2022-09-08,2,BP00268
1010,2022-09-08,1,TUA00098
1011,2022-09-08,2,BP00268
1012,2022-09-08,3,TUA00468
1013,2022-09-09,20,ECQ-00972
1014,2022-09-09,1,ECQ-00974
1015,2022-09-09,1,TP0011
1016,2022-09-09,2,TUE00081
1017,2022-09-09,1,TUA00473
1018,2022-09-12,1,BB1 1/2X1/2-300W
1019,2022-09-12,10,TP0004
1020,2022-09-12,3,TUE00161
1021,2022-09-12,4,CS12J1075A00
1022,2022-09-12,4,CAE00045
1023,2022-09-12,2,TP0008
1024,2022-09-12,2,TP0010
1025,2022-09-13,1,TP0012
1026,2022-09-13,10,CAS00063
1027,2022-09-13,1,BB1 1/2X1/2-300W
1028,2022-09-14,1,TUE00376
1029,2022-09-14,10,PK31A1I1A000
1030,2022-09-14,3,TUS00005
1031,2022-09-14,14,TP0003
1032,2022-09-14,6,TP0008
1033,2022-09-14,1,RP00213
1034,2022-09-14,1,RP00214
1035,2022-09-14,1,TUA00474
1036,2022-09-14,1,TUE00094
1037,2022-09-15,1,TUA00441
1038,2022-09-15,2,TUA00027
1039,2022-09-19,2,TP00007
1040,2022-09-19,2,CS38H1020A00
1041,2022-09-19,1,TU5/16X230MM
1042,2022-09-19,1,TU5/16X230MM
1043,2022-09-19,2,TUA00009
1044,2022-09-19,1,TP0005
1045,2022-09-19,1,TUE00375
1046,2022-09-20,1,TUE00378
1047,2022-09-20,1,TP0003
1048,2022-09-20,1,TUA00475
1049,2022-09-20,1,TUS00127
1050,2022-09-20,1,PJ31G1AB0600
1051,2022-09-20,1,TUA00476
1052,2022-09-21,3,TEA00105
1053,2022-09-22,2,TUA00033
1054,2022-09-22,3,TUS00001
1055,2022-09-22,6,TUS00002
1056,2022-09-22,6,TEA00017
1057,2022-09-22,1,TUE00379
1058,2022-09-22,3,TUE00377
1059,2022-09-22,4,TP00008
1060,2022-09-22,2,TUE00063
1061,2022-09-22,1,TUE00129
1062,2022-09-22,1,TUE00334
1063,2022-09-22,1,RP00001
1064,2022-09-22,1,TP0003
1065,2022-09-22,1,BB1 1/2X1/2-300W
1066,2022-09-23,1,BB2X2ST
1067,2022-09-23,1,TUA00459
1068,2022-09-23,1,TUA00459
1069,2022-09-23,4,CAS00051
1070,2022-09-23,4,CBS00007
1071,2022-09-23,1,TUE00207
1072,2022-09-23,1,TUE00207
1073,2022-09-23,1,TUE00207
1074,2022-09-23,1,TUE00207
1075,2022-09-23,2,TP0011
1076,2022-09-23,18,BS00006
1077,2022-09-23,18,BS00008
1078,2022-09-23,4,TP0001
1079,2022-09-26,8,EE00071
1080,2022-09-26,2,BC00006
1081,2022-09-26,2,BL00002
1082,2022-09-26,2,BN00145
1083,2022-09-26,2,BN00146
1084,2022-09-26,1,PT00079
1085,2022-09-26,10,PT00083
1086,2022-09-26,5,TEA00100
1087,2022-09-26,3,TUE00380
1088,2022-09-26,3,TUA00053
1089,2022-09-26,3,CS58L2050A00
1090,2022-09-26,10,PRECA003
1091,2022-09-27,4,TUA00189
1092,2022-09-27,4,TP0012
1093,2022-09-28,30,ECQ-00972
1094,2022-09-29,4,TP00010
1095,2022-09-29,2,BN00266
1096,2022-09-29,10,CERAISON-14-28
1097,2022-09-29,7,TP0012
1098,2022-09-29,30,TUA00247
1099,2022-09-29,3,TP0002
1100,2022-09-30,2,TUE00184
1101,2022-09-30,2,TUE00382
1102,2022-09-30,10,TUA00436
1103,2022-09-30,1,AK00010
1104,2022-09-30,4,EE00063
1105,2022-09-30,2,CS58D2030A00
1106,2022-09-30,2,CS12D2030A00
1107,2022-09-30,8,TUA00200
1108,2022-09-30,1,TUE00383
1109,2022-09-30,1,TUA00477
1110,2022-09-30,2,CS38D1017B00
1111,2022-09-30,4,CAS00013
1112,2022-10-04,1,TP0016
1113,2022-10-04,1,TP0025
1114,2022-10-04,1,TP0026
1115,2022-10-04,4,TP0011
1116,2022-10-04,1,TEA00106
1117,2022-10-04,5,TP0007
1118,2022-10-04,10,TP0026
1119,2022-10-04,1,BL00060
1120,2022-10-04,1,TUE00381
1121,2022-10-04,2,BP00183
1122,2022-10-05,1,BB2X2ST
1123,2022-10-05,3,TP0012
1124,2022-10-06,2,TP0002
1125,2022-10-06,1,RP00216
1126,2022-10-06,4,TUA00175
1127,2022-10-07,1,BP00269
1128,2022-10-07,4,BB2X2ST
1129,2022-10-07,3,EE00072
1130,2022-10-07,2,BN00267
1131,2022-10-07,2,BN00268
1132,2022-10-07,1,RP00220
1133,2022-10-10,3,TUA00124
1134,2022-10-10,10,TP0011
1135,2022-10-10,6,TUA00478
1136,2022-10-11,1,47980590
1137,2022-10-11,1,47980626
1138,2022-10-12,1,BP00259
1139,2022-10-12,1,BP00260
1140,2022-10-12,10,TUE00112
1141,2022-10-12,5,TUE00113
1142,2022-10-12,4,CS38H1040A11
1143,2022-10-12,20,ECQ-00972
1144,2022-10-12,3,ECQ-01444
1145,2022-10-12,1,TUA00475
1146,2022-10-13,6,TUS00109
1147,2022-10-13,1,TUE00385
1148,2022-10-14,1,TU5/16X215V240W
1149,2022-10-14,6,70001691
1150,2022-10-14,10,70001693
1151,2022-10-14,10,70001694
1152,2022-10-14,10,70001696
1153,2022-10-14,7,70001697
1154,2022-10-14,10,70001698
1155,2022-10-14,10,70007685
1156,2022-10-17,3,TUE00207
1157,2022-10-17,1,BP00270
1158,2022-10-17,1,BP00271
1159,2022-10-17,1,BP00272
1160,2022-10-17,1,BP00273
1161,2022-10-18,10,CAS00083
1162,2022-10-18,10,CAS00084
1163,2022-10-18,1,CAS00085
1164,2022-10-18,1,CAS00086
1165,2022-10-18,3,TUS00001
1166,2022-10-18,6,TUA00021
1167,2022-10-18,1,TU5/16X203V240W
1168,2022-10-18,1,TUE00386
1169,2022-10-19,6,CAS00073
1170,2022-10-19,6,CAS00074
1171,2022-10-19,1,RP00222
1172,2022-10-19,2,TUA00057
1173,2022-10-19,11,BS00006
1174,2022-10-19,5,RPISTOLA01
1175,2022-10-19,6,TP0003
1176,2022-10-20,1,TEA00107
1177,2022-10-20,2,TEA00107
1178,2022-10-20,1,BN00269
1179,2022-10-20,1,TP0015
1180,2022-10-20,1,TP0016
1181,2022-10-20,1,TP0012
1182,2022-10-20,2,TUA00063
1183,2022-10-20,1,BO00067
1184,2022-10-21,8,CS12C1025A00
1185,2022-10-21,5,MR8-250-11-13
1186,2022-10-21,2,TUA00463
1187,2022-10-21,3,CS12G1040A00
1188,2022-10-21,12,CBE00012
1189,2022-10-21,6,CBE00040
1190,2022-10-21,10,TUA00049
1191,2022-10-24,1,BP00259
1192,2022-10-24,1,BP00260
1193,2022-10-24,1,BP00274
1194,2022-10-24,1,BP00275
1195,2022-10-24,1,BP00276
1196,2022-10-24,3,BC00010
1197,2022-10-24,1,TEA00108
1198,2022-10-24,2,TUA00480
1199,2022-10-24,1,TUA00479
1200,2022-10-24,1,TEA00110
1201,2022-10-25,1,TUE00258
1202,2022-10-25,1,TUE00258
1203,2022-10-25,8,BC00030
1204,2022-10-25,4,BP00277
1205,2022-10-25,4,BP00278
1206,2022-10-25,2,BN00270
1207,2022-10-25,4,BB2X2ST
1208,2022-10-26,2,TP0001
1209,2022-10-26,2,CS14K2040A00
1210,2022-10-26,2,CS14L2040A00
1211,2022-10-26,2,TP0006
1212,2022-10-26,6,CAS00087
1213,2022-10-26,1,CAS00088
1214,2022-10-26,1,TEA00109
1215,2022-10-26,1,BL00061
1216,2022-10-27,2,TP0008
1217,2022-10-27,4,TP0009
1218,2022-10-27,4,TP0010
1219,2022-10-27,2,PJ31C1C1B000
1220,2022-10-27,20,EE00071
1221,2022-10-27,1,TP0003
1222,2022-10-27,1,TUA00463
1223,2022-10-28,1,RP00227
1224,2022-10-28,1,TUA00481
1225,2022-10-28,1,TUA00481
1226,2022-10-28,4,EE00063
1227,2022-10-28,1,TUS00048
1228,2022-10-28,2,TP0002
1229,2022-10-31,2,TUS00113
1230,2022-10-31,1,TP0002
1231,2022-10-31,2,TP0008
1232,2022-10-31,1,PJ18D2E1A410
1233,2022-10-31,6,TUA00482
1234,2022-10-31,4,CM10I2040A00
1235,2022-10-31,1,P25601AB0600
1236,2022-10-31,15,TP0003
1237,2022-10-31,3,TP0008
1238,2022-10-31,1,EE00075
1239,2022-11-01,1,TP0002
1240,2022-11-01,1,TP0001
1241,2022-11-01,6,CS12N1050A00
1242,2022-11-03,2,CS58O2050A00
1243,2022-11-03,1,RP00225
1244,2022-11-04,4,TP0002
1245,2022-11-04,10,CAS00083
1246,2022-11-04,7,CAS00084
1247,2022-11-04,25,CAS00085
1248,2022-11-04,1,CAS00086
1249,2022-11-04,4,TUS00016
1250,2022-11-04,4,TUS00017
1251,2022-11-04,6,TUS00018
1252,2022-11-04,2,BO00066
1253,2022-11-04,1,RP00192
1254,2022-11-07,2,TP0002
1255,2022-11-07,2,TP0003
1256,2022-11-07,2,TEE00017
1257,2022-11-07,4,TUA00484
1258,2022-11-08,1,TUE00384
1259,2022-11-08,2,TUA00483
1260,2022-11-08,3,EE00077
1261,2022-11-08,11,CBS00001
1262,2022-11-08,1,BB1 1/2X1/2-300W
1263,2022-11-08,1,TP0025
1264,2022-11-09,1,BP00259
1265,2022-11-09,1,BP00260
1266,2022-11-10,1,PJ14R1B40A00
1267,2022-11-10,4,TUA00175
1268,2022-11-10,2,ECQ-00971
1269,2022-11-10,20,ECQ-00972
1270,2022-11-10,1,P231E1AB0600
1271,2022-11-10,1,P231J1AB0600
1272,2022-11-10,12,CBS00092
1273,2022-11-11,3,BL00062
1274,2022-11-11,5,TP0002
1275,2022-11-11,3,TUE00387
1276,2022-11-11,2,TP0012
1277,2022-11-11,2,TUA00325
1278,2022-11-14,1,TUA00486
1279,2022-11-14,6,RPISTOLA01
1280,2022-11-15,2,BP00279
1281,2022-11-15,5,TU5/16X203V
1282,2022-11-15,5,TUA00436
1283,2022-11-15,1,TUS00128
1284,2022-11-15,1,TUS00129
1285,2022-11-15,1,TUS00130
1286,2022-11-15,1,TP0001
1287,2022-11-15,1,TP0024
1288,2022-11-15,1,EE00022
1289,2022-11-15,2,TK00028
1290,2022-11-16,2,RP00223
1291,2022-11-16,6,TUE00388
1292,2022-11-16,6,BO00061
1293,2022-11-16,3,TUE00122
1294,2022-11-16,1,TP0040
1295,2022-11-16,10,CAS00089
1296,2022-11-16,1,RP00165
1297,2022-11-17,1,TUE00389
1298,2022-11-17,1,TJ00037
1299,2022-11-17,2,TP0022
1300,2022-11-17,1,TP0040
1301,2022-11-17,1,TUA00485
1302,2022-11-18,3,TUA00098
1303,2022-11-18,3,TUA00468
1304,2022-11-18,2,TP0005
1305,2022-11-18,2,TP0001
1306,2022-11-18,2,TP0002
1307,2022-11-18,1,TP0003
1308,2022-11-18,5,TJ00095
1309,2022-11-18,5,TJ00096
1310,2022-11-22,10,TP0011
1311,2022-11-22,2,TP0012
1312,2022-11-22,8,CBS00019
1313,2022-11-23,1,TUA00191
1314,2022-11-23,2,TP0022
1315,2022-11-23,2,TP0008
1316,2022-11-23,2,TP0009
1317,2022-11-23,4,TP0010
1318,2022-11-23,4,TUE00391
1319,2022-11-24,1,TP0001
1320,2022-11-24,5,TEE00012
1321,2022-11-24,1,BN00271
1322,2022-11-24,1,RP00228
1323,2022-11-24,1,TUA00487
1324,2022-11-24,2,TUE00390
1325,2022-11-24,8,P114Q1H90412
1326,2022-11-24,4,P251L1J1B000
1327,2022-11-25,20,CBS00001
1328,2022-11-25,6,BS00006
1329,2022-11-25,6,BS00008
1330,2022-11-25,10,TP0003
1331,2022-11-25,2,BB00103
1332,2022-11-25,20,ECQ-00972
1333,2022-11-25,1,TUE00195
1334,2022-11-25,1,CBS00106
1335,2022-11-28,1,TU5/16X870J127V
1336,2022-11-28,1,CAE00046
1337,2022-11-28,1,CM16I2090A00
1338,2022-11-29,6,TUA00258
1339,2022-11-30,6,BO00061
1340,2022-11-30,1,TUE00142
1341,2022-11-30,2,TUA00490
1342,2022-11-30,9,TUA00491
1343,2022-11-30,1,BN00272
1344,2022-11-30,1,BB00102
1345,2022-11-30,8,CAS00044
1346,2022-11-30,4,CAE00045
1347,2022-11-30,8,CS12C1025A00
1348,2022-11-30,1,TUE00166
1349,2022-11-30,10,ABRAZA01
1350,2022-12-05,6,47980249
1351,2022-12-05,9,47980249
1352,2022-12-05,1,47980626
1353,2022-12-05,3,TP0003
1354,2022-12-05,6,TEA00095
1355,2022-12-05,1,RP00229
1356,2022-12-05,1,TUE00142
1357,2022-12-06,1,CAE00047
1358,2022-12-06,1,TUE00392
1359,2022-12-06,2,TP0011
1360,2022-12-07,1,BO00005
1361,2022-12-07,25,CBS00092
1362,2022-12-07,10,ABRAZA01
1363,2022-12-08,4,TUE00207
1364,2022-12-08,1,TP0012
1365,2022-12-08,20,ECQ-00972
1366,2022-12-08,10,TEA00006
1367,2022-12-08,3,TUS00131
1368,2022-12-08,10,TEA00111
1369,2022-12-09,4,TUS00052
1370,2022-12-09,2,TUA00401
1371,2022-12-09,2,TUE00206
1372,2022-12-09,1,TP0011
1373,2022-12-09,3,TP0012
1374,2022-12-09,1,TUA00489
1375,2022-12-13,1,TU5/16X870J127V
1376,2022-12-13,4,CS14D2017B20
1377,2022-12-13,1,TP0016
1378,2022-12-13,3,TUA00488
1379,2022-12-13,6,TP0005
1380,2022-12-13,4,TP0004
1381,2022-12-13,4,TP0008
1382,2022-12-13,1,CBS00107
1383,2022-12-14,1,TUE00081
1384,2022-12-14,2,TUE00393
1385,2022-12-14,4,TUE00207
1386,2022-12-15,6,ECQ-01444
1387,2022-12-15,5,EE00077
1388,2022-12-15,2,ECQ-00971
1389,2022-12-15,1,ECQ-00974
1390,2022-12-15,5,ECQ-01444
1391,2022-12-16,12,BO00061
1392,2022-12-16,1,TP0012
1393,2022-12-19,1,TUA00494
1394,2022-12-20,6,TUA00433
1395,2022-12-20,2,TU5/16X203V
1396,2022-12-20,3,PT00091
1397,2022-12-20,26,CAS00083
1398,2022-12-20,10,CAS00084
1399,2022-12-20,5,PJ31A1I1A000
1400,2022-12-20,5,PJ31A1I1A400
1401,2022-12-21,10,CS58R2200A01
1402,2022-12-21,1,TUA00493
1403,2022-12-22,16,CBS00109
1404,2022-12-22,2,ECQ-00974
1405,2022-12-22,10,70001698
1406,2022-12-22,4,CAS00035
1407,2022-12-22,1,RP00230
1408,2022-12-22,1,RP00231
1409,2022-12-22,6,TUA00492
1410,2022-12-22,2,TP0016
1411,2022-12-22,1,TU5/16X230MM
1412,2022-12-23,1,TUA00325
1413,2022-12-23,5,RB00007
1414,2022-12-23,3,TP00018
1415,2022-12-23,6,BP00006
1416,2022-12-23,3,PJ31Q1G1A400
1417,2022-12-23,2,BL00002
1418,2022-12-23,2,BN00145
1419,2022-12-23,2,BN00146
1420,2022-12-23,2,PT00079
1421,2022-12-23,6,CS12F1040A00
1422,2022-12-23,6,CS12H1050A00
1423,2022-12-23,3,TUE00394
1424,2022-12-23,1,TUA00470
1425,2022-12-23,10,RB00007
